INSERT INTO articulo VALUES ('SEG00001', 'Armero Athenas Arma Corta Alta ', 975.00, 0.0, 5, 3);
INSERT INTO articulo VALUES ('SEG00002', 'Armero Gredos 100-7 Arma Larga', 675.00, 3.0, 4, 4);
INSERT INTO articulo VALUES ('SEG00003', 'Caja Fuerte Camuflada Box-In 22100-S1', 196.00, 10.0, 23, 15);
INSERT INTO articulo VALUES ('SEG00004', 'Caja Fuerte Camuflada GRID 13000W-S0', 85.00, 0.0, 15, 10);
INSERT INTO articulo VALUES ('SEG00005', 'Caja Fuerte Camuflada GRID 13000-WS1', 110.00, 3.0, 16, 11);
INSERT INTO articulo VALUES ('SEG00006', 'Caja Fuerte Camuflada Libro', 18.90, 0.0, 24, 13);
INSERT INTO articulo VALUES ('ESC00001', 'Escalera aluminio 4 peldaños', 28.95, 0.0, 17, 11);
INSERT INTO articulo VALUES ('ESC00002', 'Escalera articulada multifunción acero', 49.95, 0.0, 22, 13);
INSERT INTO articulo VALUES ('ESC00003', 'Escalera industrial 2x10 aluminio', 124.55, 0.0, 28, 15);
INSERT INTO articulo VALUES ('ESC00004', 'Taburete aluminio. 2 p', 41.25, 0.0, 22, 14);
INSERT INTO articulo VALUES ('ESC00005', 'Taburete aluminio 2 peldaños', 31.25, 3.0, 18, 9);
INSERT INTO articulo VALUES ('TOR00001', 'Alcayata galvanizada', 2.25, 0.0, 49, 26);
INSERT INTO articulo VALUES ('TOR00002', 'Ángulo zincado', 0.79, 0.0, 24, 24);
INSERT INTO articulo VALUES ('TOR00003', 'Ángulo zincado canto cuadrado', 0.19, 0.0, 58, 35);
INSERT INTO articulo VALUES ('TOR00004', 'Atado 2 ángulos zincados', 0.99, 0.0, 48, 27);
INSERT INTO articulo VALUES ('TOR00005', 'Atado 2 ángulos zincados', 3.09, 0.0, 43, 33);
INSERT INTO articulo VALUES ('TOR00006', 'Atado 4 ángulos', 1.99, 0.0, 55, 29);
INSERT INTO articulo VALUES ('TOR00007', 'Atado 4 escuadras', 1.20, 0.0, 40, 22);
INSERT INTO articulo VALUES ('TOR00008', 'Atado 4 placas', 2.19, 0.0, 60, 33);
INSERT INTO articulo VALUES ('TOR00009', 'Escuadra zincada canto cuadrado', 0.29, 0.0, 36, 34);
INSERT INTO articulo VALUES ('TOR00010', 'Hembrilla abierta galvanizada', 2.10, 0.0, 46, 34);
INSERT INTO articulo VALUES ('TOR00011', 'Hembrilla abierta galvanizada', 2.25, 0.0, 75, 39);
INSERT INTO articulo VALUES ('CAR00001', 'Carretilla de transporte plegable', 29.98, 0.0, 26, 13);
INSERT INTO articulo VALUES ('CAR00002', 'Carro de transporte ts 850', 102.95, 0.0, 16, 9);
INSERT INTO articulo VALUES ('CAR00003', 'Carretilla plegable 90 kg', 41.98, 0.0, 14, 11);
INSERT INTO articulo VALUES ('MAN00001', 'Aldaba', 3.19, 0.0, 46, 30);
INSERT INTO articulo VALUES ('MAN00002', 'Juego manilla con placa inox', 12.98, 0.0, 27, 14);
INSERT INTO articulo VALUES ('MAN00003', 'Juego manilla con roseta niquel mate', 12.10, 0.0, 27, 15);
INSERT INTO articulo VALUES ('MAN00004', 'Mirilla', 5.69, 0.0, 18, 15);
INSERT INTO articulo VALUES ('MAN00005', 'Mirilla Digital LCD 2,6'' (6,60 cm)', 49.95, 0.0, 17, 9);
INSERT INTO articulo VALUES ('MAN00006', 'Tirador especial placa forja', 8.20, 0.0, 16, 13);
INSERT INTO articulo VALUES ('MAN00007', 'Tirador salomonico placa forja', 8.75, 0.0, 15, 11);
INSERT INTO articulo VALUES ('CUB00001', 'Armario metal para reciclaje basura', 132.00, 0.0, 21, 14);
INSERT INTO articulo VALUES ('CUB00002', 'Armario metal 2 compartimentos blanco', 95.00, 3.0, 12, 9);
INSERT INTO articulo VALUES ('CUB00003', 'Barreño industrial', 18.65, 10.0, 23, 14);
INSERT INTO articulo VALUES ('CUB00004', 'Bolsas de basura con cierra fácil', 1.75, 3.0, 50, 36);
INSERT INTO articulo VALUES ('CUB00005', 'Contenedor selectivo c/ruedas', 31.75, 0.0, 14, 11);
INSERT INTO articulo VALUES ('CUB00006', 'Cubo decobin 40l cofee', 32.95, 0.0, 15, 14);
INSERT INTO articulo VALUES ('CUB00007', 'Cubo metalizado', 25.25, 0.0, 19, 15);
INSERT INTO articulo VALUES ('TEN00001', 'Tendedero extensible plastf. bco. 120C', 65.90, 0.0, 17, 10);
INSERT INTO articulo VALUES ('TEN00002', 'Tendedero extensible aluminio 160c', 45.15, 3.0, 20, 13);
INSERT INTO articulo VALUES ('TEN00003', 'Tendedero con alas pegasus 120', 34.95, 0.0, 10, 8);
INSERT INTO articulo VALUES ('TEN00004', 'Tendedero automatico', 12.98, 0.0, 15, 10);
INSERT INTO articulo VALUES ('TEN00005', 'Pinza ropa / tendedero (x25)', 5.95, 3.0, 12, 9);
INSERT INTO articulo VALUES ('BUZ00001', 'Buzón chapa acero', 23.50, 0.0, 25, 15);
INSERT INTO articulo VALUES ('BUZ00002', 'Cerradura de buzón (lengüeta recta)', 3.49, 3.0, 22, 20);
INSERT INTO articulo VALUES ('BUZ00003', 'Kit cerradura buzon', 9.20, 3.0, 21, 14);
INSERT INTO articulo VALUES ('INF00001', 'Antideslizantes bañera', 3.90, 0.0, 32, 20);
INSERT INTO articulo VALUES ('INF00002', 'Cierre armarios, gancho', 2.09, 0.0, 27, 23);
INSERT INTO articulo VALUES ('INF00003', 'Cierre flexible pequeño', 1.68, 0.0, 40, 36);
INSERT INTO articulo VALUES ('INF00004', 'Esquinas de mueble', 2.38, 0.0, 41, 34);
INSERT INTO articulo VALUES ('INF00005', 'Protector ángulos marrón', 3.99, 10.0, 44, 26);
INSERT INTO articulo VALUES ('INF00006', 'Protector esquinas infantil', 13.50, 0.0, 11, 9);
INSERT INTO articulo VALUES ('INF00007', 'Seguridad en enchufes, movil', 2.10, 0.0, 36, 31);


--
-- Data for Name: cliente; Type: TABLE DATA; Schema: public; Owner: postgres
--

INSERT INTO cliente VALUES (1, 'Andrés', 'Calle Eleuterio Rincones 3', '12001', 'CSTLL');
INSERT INTO cliente VALUES (2, 'Jonás', 'Pasaje de la Constitución 1', '12540', 'VLLRL');
INSERT INTO cliente VALUES (3, 'Michel', 'Calle de Serrano 23', '12530', 'BRRN');
INSERT INTO cliente VALUES (4, 'Estanislao', 'Avenida de Alicante 45', '12600', 'VLLDX');
INSERT INTO cliente VALUES (5, 'Antolín', 'Plaza de Santa María 2', '12500', 'VNRZ');
INSERT INTO cliente VALUES (6, 'Arlette', 'Calle Málaga 23', '12580', 'BNCRL');
INSERT INTO cliente VALUES (7, 'Ernesto', 'Calle Revilla 23', '12581', 'BNCRL');
INSERT INTO cliente VALUES (8, 'Cintia', 'Plaza del Algarrobo 2', '12002', 'CSTLL');
INSERT INTO cliente VALUES (9, 'Vicente', 'Calle Severo Ochoa 12', '12542', 'VLLRL');
INSERT INTO cliente VALUES (10, 'Antonio', 'Calle San Pedro 34', '46901', 'TRRNT');
INSERT INTO cliente VALUES (11, 'Eva', 'Calle Barcelona 23', '46701', 'GND');
INSERT INTO cliente VALUES (12, 'Isaac', 'Avenida Germanías', '46981', 'PTRN');
INSERT INTO cliente VALUES (13, 'Lucía', 'Calle General Elio 3', '46005', 'VLNC');
INSERT INTO cliente VALUES (14, 'Elena', 'Avenida Peris y Valero 32', '46901', 'TRRNT');
INSERT INTO cliente VALUES (15, 'Raquel', 'Calle Gutenberg 2', '46701', 'GND');
INSERT INTO cliente VALUES (16, 'Sofía', 'Avenida Marconi 23', '46980', 'PTRN');
INSERT INTO cliente VALUES (17, 'Marco', 'Calle Río Tajo 56', '46500', 'SGNT');
INSERT INTO cliente VALUES (18, 'Oliver', 'Calle Utiel 12', '03001', 'LCNT');
INSERT INTO cliente VALUES (19, 'Alba', 'Calle Jabonería Nueva 3', '03203', 'LCH');
INSERT INTO cliente VALUES (20, 'Noemi', 'Plaza Centenar de la Ploma 88', '03181', 'TRRVJ');
INSERT INTO cliente VALUES (21, 'Narciso', 'Calle San Pancracio 17', '03501', 'BNDRM');
INSERT INTO cliente VALUES (22, 'Nadia', 'Calle Doctor Nicasio 43', '03311', 'RHL');
INSERT INTO cliente VALUES (23, 'Esteban', 'Calle Italia 3', '03002', 'LCNT');
INSERT INTO cliente VALUES (24, 'Ricardo', 'Calle San Eleuterio 65', '03203', 'LCH');
INSERT INTO cliente VALUES (25, 'María', 'Calle Menudencia 1', '03181', 'TRRVJ');
INSERT INTO cliente VALUES (26, 'Ernesto', 'Avenida del péndulo, 4', '3181 ', 'TRRVJ');


INSERT INTO linea_ticket VALUES (1, 1, 7, 0.79, 0.0, 'TOR00002');
INSERT INTO linea_ticket VALUES (1, 2, 5, 1.20, 0.0, 'TOR00007');
INSERT INTO linea_ticket VALUES (1, 3, 7, 0.79, 0.0, 'TOR00002');
INSERT INTO linea_ticket VALUES (2, 1, 4, 2.10, 0.0, 'TOR00010');
INSERT INTO linea_ticket VALUES (3, 1, 4, 0.99, 0.0, 'TOR00004');
INSERT INTO linea_ticket VALUES (3, 2, 2, 45.15, 3.0, 'TEN00002');
INSERT INTO linea_ticket VALUES (3, 3, 1, 41.25, 0.0, 'ESC00004');
INSERT INTO linea_ticket VALUES (4, 1, 7, 0.79, 0.0, 'TOR00002');
INSERT INTO linea_ticket VALUES (5, 1, 2, 675.00, 3.0, 'SEG00002');
INSERT INTO linea_ticket VALUES (5, 2, 4, 8.75, 0.0, 'MAN00007');
INSERT INTO linea_ticket VALUES (6, 1, 2, 25.25, 0.0, 'CUB00007');
INSERT INTO linea_ticket VALUES (7, 1, 5, 2.25, 0.0, 'TOR00011');
INSERT INTO linea_ticket VALUES (7, 2, 3, 12.98, 0.0, 'MAN00002');
INSERT INTO linea_ticket VALUES (7, 3, 3, 3.09, 0.0, 'TOR00005');
INSERT INTO linea_ticket VALUES (8, 1, 2, 28.95, 0.0, 'ESC00001');
INSERT INTO linea_ticket VALUES (8, 2, 2, 41.25, 0.0, 'ESC00004');
INSERT INTO linea_ticket VALUES (9, 1, 1, 8.75, 0.0, 'MAN00007');
INSERT INTO linea_ticket VALUES (10, 1, 6, 3.90, 0.0, 'INF00001');
INSERT INTO linea_ticket VALUES (11, 1, 1, 975.00, 0.0, 'SEG00001');
INSERT INTO linea_ticket VALUES (12, 1, 2, 32.95, 0.0, 'CUB00006');
INSERT INTO linea_ticket VALUES (12, 2, 4, 8.75, 0.0, 'MAN00007');
INSERT INTO linea_ticket VALUES (12, 3, 2, 95.00, 3.0, 'CUB00002');
INSERT INTO linea_ticket VALUES (12, 4, 7, 1.75, 3.0, 'CUB00004');
INSERT INTO linea_ticket VALUES (13, 1, 1, 28.95, 0.0, 'ESC00001');
INSERT INTO linea_ticket VALUES (14, 1, 7, 2.10, 0.0, 'INF00007');
INSERT INTO linea_ticket VALUES (15, 1, 1, 675.00, 3.0, 'SEG00002');
INSERT INTO linea_ticket VALUES (16, 1, 6, 1.99, 0.0, 'TOR00006');
INSERT INTO linea_ticket VALUES (17, 1, 7, 0.79, 0.0, 'TOR00002');
INSERT INTO linea_ticket VALUES (17, 2, 1, 975.00, 0.0, 'SEG00001');
INSERT INTO linea_ticket VALUES (17, 3, 1, 49.95, 0.0, 'ESC00002');
INSERT INTO linea_ticket VALUES (18, 1, 5, 3.09, 0.0, 'TOR00005');
INSERT INTO linea_ticket VALUES (18, 2, 1, 975.00, 0.0, 'SEG00001');
INSERT INTO linea_ticket VALUES (18, 3, 5, 0.19, 0.0, 'TOR00003');
INSERT INTO linea_ticket VALUES (18, 4, 2, 95.00, 3.0, 'CUB00002');
INSERT INTO linea_ticket VALUES (19, 1, 1, 110.00, 3.0, 'SEG00005');
INSERT INTO linea_ticket VALUES (20, 1, 2, 102.95, 0.0, 'CAR00002');
INSERT INTO linea_ticket VALUES (21, 1, 1, 29.98, 0.0, 'CAR00001');
INSERT INTO linea_ticket VALUES (22, 1, 1, 23.50, 0.0, 'BUZ00001');
INSERT INTO linea_ticket VALUES (23, 1, 2, 41.98, 0.0, 'CAR00003');
INSERT INTO linea_ticket VALUES (24, 1, 2, 102.95, 0.0, 'CAR00002');
INSERT INTO linea_ticket VALUES (25, 1, 2, 8.20, 0.0, 'MAN00006');
INSERT INTO linea_ticket VALUES (26, 1, 3, 1.68, 0.0, 'INF00003');
INSERT INTO linea_ticket VALUES (27, 1, 3, 8.20, 0.0, 'MAN00006');
INSERT INTO linea_ticket VALUES (27, 2, 3, 13.50, 0.0, 'INF00006');
INSERT INTO linea_ticket VALUES (28, 1, 1, 31.75, 0.0, 'CUB00005');
INSERT INTO linea_ticket VALUES (28, 2, 2, 31.25, 3.0, 'ESC00005');
INSERT INTO linea_ticket VALUES (29, 1, 4, 2.10, 0.0, 'INF00007');
INSERT INTO linea_ticket VALUES (30, 1, 1, 23.50, 0.0, 'BUZ00001');
INSERT INTO linea_ticket VALUES (30, 2, 2, 196.00, 10.0, 'SEG00003');
INSERT INTO linea_ticket VALUES (30, 3, 1, 25.25, 0.0, 'CUB00007');
INSERT INTO linea_ticket VALUES (31, 1, 5, 1.99, 0.0, 'TOR00006');
INSERT INTO linea_ticket VALUES (32, 1, 1, 5.69, 0.0, 'MAN00004');
INSERT INTO linea_ticket VALUES (33, 1, 6, 2.10, 0.0, 'INF00007');
INSERT INTO linea_ticket VALUES (34, 1, 2, 124.55, 0.0, 'ESC00003');
INSERT INTO linea_ticket VALUES (35, 1, 2, 975.00, 0.0, 'SEG00001');
INSERT INTO linea_ticket VALUES (35, 2, 7, 3.19, 0.0, 'MAN00001');
INSERT INTO linea_ticket VALUES (35, 3, 4, 2.25, 0.0, 'TOR00001');
INSERT INTO linea_ticket VALUES (35, 4, 4, 0.99, 0.0, 'TOR00004');
INSERT INTO linea_ticket VALUES (36, 1, 2, 23.50, 0.0, 'BUZ00001');
INSERT INTO linea_ticket VALUES (37, 1, 3, 3.99, 10.0, 'INF00005');
INSERT INTO linea_ticket VALUES (37, 2, 2, 49.95, 0.0, 'MAN00005');
INSERT INTO linea_ticket VALUES (37, 3, 1, 28.95, 0.0, 'ESC00001');
INSERT INTO linea_ticket VALUES (38, 1, 3, 3.19, 0.0, 'MAN00001');
INSERT INTO linea_ticket VALUES (39, 1, 1, 975.00, 0.0, 'SEG00001');
INSERT INTO linea_ticket VALUES (40, 1, 2, 12.98, 0.0, 'TEN00004');
INSERT INTO linea_ticket VALUES (41, 1, 1, 975.00, 0.0, 'SEG00001');
INSERT INTO linea_ticket VALUES (42, 1, 5, 3.99, 10.0, 'INF00005');
INSERT INTO linea_ticket VALUES (43, 1, 1, 196.00, 10.0, 'SEG00003');
INSERT INTO linea_ticket VALUES (43, 2, 2, 9.20, 3.0, 'BUZ00003');
INSERT INTO linea_ticket VALUES (44, 1, 1, 18.65, 10.0, 'CUB00003');
INSERT INTO linea_ticket VALUES (44, 2, 7, 2.19, 0.0, 'TOR00008');
INSERT INTO linea_ticket VALUES (45, 1, 3, 5.69, 0.0, 'MAN00004');
INSERT INTO linea_ticket VALUES (46, 1, 1, 124.55, 0.0, 'ESC00003');
INSERT INTO linea_ticket VALUES (46, 2, 2, 32.95, 0.0, 'CUB00006');
INSERT INTO linea_ticket VALUES (46, 3, 2, 32.95, 0.0, 'CUB00006');
INSERT INTO linea_ticket VALUES (46, 4, 4, 13.50, 0.0, 'INF00006');
INSERT INTO linea_ticket VALUES (47, 1, 7, 1.75, 3.0, 'CUB00004');
INSERT INTO linea_ticket VALUES (47, 2, 4, 1.68, 0.0, 'INF00003');
INSERT INTO linea_ticket VALUES (48, 1, 5, 3.09, 0.0, 'TOR00005');
INSERT INTO linea_ticket VALUES (49, 1, 1, 49.95, 0.0, 'ESC00002');
INSERT INTO linea_ticket VALUES (50, 1, 5, 3.49, 3.0, 'BUZ00002');
INSERT INTO linea_ticket VALUES (51, 1, 1, 29.98, 0.0, 'CAR00001');
INSERT INTO linea_ticket VALUES (52, 1, 5, 3.19, 0.0, 'MAN00001');
INSERT INTO linea_ticket VALUES (53, 1, 1, 12.98, 0.0, 'MAN00002');
INSERT INTO linea_ticket VALUES (54, 1, 4, 18.65, 10.0, 'CUB00003');
INSERT INTO linea_ticket VALUES (55, 1, 4, 0.19, 0.0, 'TOR00003');
INSERT INTO linea_ticket VALUES (55, 2, 2, 41.25, 0.0, 'ESC00004');
INSERT INTO linea_ticket VALUES (56, 1, 1, 34.95, 0.0, 'TEN00003');
INSERT INTO linea_ticket VALUES (57, 1, 1, 29.98, 0.0, 'CAR00001');
INSERT INTO linea_ticket VALUES (57, 2, 7, 2.10, 0.0, 'TOR00010');
INSERT INTO linea_ticket VALUES (57, 3, 7, 2.09, 0.0, 'INF00002');
INSERT INTO linea_ticket VALUES (58, 1, 2, 41.98, 0.0, 'CAR00003');
INSERT INTO linea_ticket VALUES (59, 1, 1, 49.95, 0.0, 'MAN00005');
INSERT INTO linea_ticket VALUES (60, 1, 2, 18.90, 0.0, 'SEG00006');
INSERT INTO linea_ticket VALUES (60, 2, 4, 3.99, 10.0, 'INF00005');
INSERT INTO linea_ticket VALUES (60, 3, 7, 0.29, 0.0, 'TOR00009');
INSERT INTO linea_ticket VALUES (60, 4, 2, 18.90, 0.0, 'SEG00006');
INSERT INTO linea_ticket VALUES (60, 5, 1, 25.25, 0.0, 'CUB00007');
INSERT INTO linea_ticket VALUES (60, 6, 5, 3.09, 0.0, 'TOR00005');
INSERT INTO linea_ticket VALUES (61, 1, 5, 2.25, 0.0, 'TOR00011');
INSERT INTO linea_ticket VALUES (61, 2, 1, 132.00, 0.0, 'CUB00001');
INSERT INTO linea_ticket VALUES (62, 1, 2, 32.95, 0.0, 'CUB00006');
INSERT INTO linea_ticket VALUES (62, 2, 3, 1.99, 0.0, 'TOR00006');
INSERT INTO linea_ticket VALUES (62, 3, 3, 2.19, 0.0, 'TOR00008');
INSERT INTO linea_ticket VALUES (63, 1, 1, 34.95, 0.0, 'TEN00003');
INSERT INTO linea_ticket VALUES (63, 2, 2, 132.00, 0.0, 'CUB00001');
INSERT INTO linea_ticket VALUES (63, 3, 2, 29.98, 0.0, 'CAR00001');
INSERT INTO linea_ticket VALUES (64, 1, 4, 13.50, 0.0, 'INF00006');
INSERT INTO linea_ticket VALUES (64, 2, 3, 5.69, 0.0, 'MAN00004');
INSERT INTO linea_ticket VALUES (64, 3, 6, 1.99, 0.0, 'TOR00006');
INSERT INTO linea_ticket VALUES (64, 4, 3, 3.19, 0.0, 'MAN00001');
INSERT INTO linea_ticket VALUES (64, 5, 4, 12.10, 0.0, 'MAN00003');
INSERT INTO linea_ticket VALUES (64, 6, 2, 28.95, 0.0, 'ESC00001');
INSERT INTO linea_ticket VALUES (64, 7, 7, 1.75, 3.0, 'CUB00004');
INSERT INTO linea_ticket VALUES (65, 1, 1, 5.69, 0.0, 'MAN00004');
INSERT INTO linea_ticket VALUES (66, 1, 2, 102.95, 0.0, 'CAR00002');
INSERT INTO linea_ticket VALUES (67, 1, 5, 0.99, 0.0, 'TOR00004');
INSERT INTO linea_ticket VALUES (68, 1, 2, 102.95, 0.0, 'CAR00002');
INSERT INTO linea_ticket VALUES (69, 1, 2, 675.00, 3.0, 'SEG00002');
INSERT INTO linea_ticket VALUES (70, 1, 1, 196.00, 10.0, 'SEG00003');
INSERT INTO linea_ticket VALUES (71, 1, 3, 9.20, 3.0, 'BUZ00003');
INSERT INTO linea_ticket VALUES (72, 1, 2, 65.90, 0.0, 'TEN00001');
INSERT INTO linea_ticket VALUES (73, 1, 2, 13.50, 0.0, 'INF00006');
INSERT INTO linea_ticket VALUES (74, 1, 1, 12.98, 0.0, 'MAN00002');
INSERT INTO linea_ticket VALUES (74, 2, 2, 85.00, 0.0, 'SEG00004');
INSERT INTO linea_ticket VALUES (74, 3, 3, 9.20, 3.0, 'BUZ00003');
INSERT INTO linea_ticket VALUES (74, 4, 2, 29.98, 0.0, 'CAR00001');
INSERT INTO linea_ticket VALUES (75, 1, 1, 95.00, 3.0, 'CUB00002');
INSERT INTO linea_ticket VALUES (76, 1, 7, 0.29, 0.0, 'TOR00009');
INSERT INTO linea_ticket VALUES (76, 2, 4, 3.09, 0.0, 'TOR00005');
INSERT INTO linea_ticket VALUES (77, 1, 2, 975.00, 0.0, 'SEG00001');
INSERT INTO linea_ticket VALUES (78, 1, 7, 0.19, 0.0, 'TOR00003');
INSERT INTO linea_ticket VALUES (79, 1, 4, 3.99, 10.0, 'INF00005');
INSERT INTO linea_ticket VALUES (80, 1, 1, 675.00, 3.0, 'SEG00002');
INSERT INTO linea_ticket VALUES (80, 2, 2, 45.15, 3.0, 'TEN00002');
INSERT INTO linea_ticket VALUES (81, 1, 2, 41.98, 0.0, 'CAR00003');
INSERT INTO linea_ticket VALUES (82, 1, 3, 0.99, 0.0, 'TOR00004');
INSERT INTO linea_ticket VALUES (83, 1, 1, 196.00, 10.0, 'SEG00003');
INSERT INTO linea_ticket VALUES (84, 1, 1, 41.25, 0.0, 'ESC00004');
INSERT INTO linea_ticket VALUES (84, 2, 6, 2.09, 0.0, 'INF00002');
INSERT INTO linea_ticket VALUES (85, 1, 3, 3.90, 0.0, 'INF00001');
INSERT INTO linea_ticket VALUES (86, 1, 3, 5.69, 0.0, 'MAN00004');
INSERT INTO linea_ticket VALUES (87, 1, 1, 5.69, 0.0, 'MAN00004');
INSERT INTO linea_ticket VALUES (87, 2, 5, 0.79, 0.0, 'TOR00002');
INSERT INTO linea_ticket VALUES (88, 1, 1, 18.90, 0.0, 'SEG00006');
INSERT INTO linea_ticket VALUES (89, 1, 1, 31.25, 3.0, 'ESC00005');
INSERT INTO linea_ticket VALUES (90, 1, 1, 41.25, 0.0, 'ESC00004');
INSERT INTO linea_ticket VALUES (90, 2, 4, 12.98, 0.0, 'MAN00002');
INSERT INTO linea_ticket VALUES (90, 3, 3, 3.19, 0.0, 'MAN00001');
INSERT INTO linea_ticket VALUES (90, 4, 1, 32.95, 0.0, 'CUB00006');
INSERT INTO linea_ticket VALUES (91, 1, 2, 31.75, 0.0, 'CUB00005');
INSERT INTO linea_ticket VALUES (91, 2, 1, 41.98, 0.0, 'CAR00003');
INSERT INTO linea_ticket VALUES (92, 1, 2, 95.00, 3.0, 'CUB00002');
INSERT INTO linea_ticket VALUES (93, 1, 1, 34.95, 0.0, 'TEN00003');
INSERT INTO linea_ticket VALUES (94, 1, 2, 196.00, 10.0, 'SEG00003');
INSERT INTO linea_ticket VALUES (94, 2, 2, 41.25, 0.0, 'ESC00004');
INSERT INTO linea_ticket VALUES (94, 3, 3, 2.09, 0.0, 'INF00002');
INSERT INTO linea_ticket VALUES (95, 1, 2, 65.90, 0.0, 'TEN00001');
INSERT INTO linea_ticket VALUES (96, 1, 2, 28.95, 0.0, 'ESC00001');
INSERT INTO linea_ticket VALUES (97, 1, 1, 124.55, 0.0, 'ESC00003');
INSERT INTO linea_ticket VALUES (98, 1, 3, 2.10, 0.0, 'TOR00010');
INSERT INTO linea_ticket VALUES (98, 2, 5, 3.99, 10.0, 'INF00005');
INSERT INTO linea_ticket VALUES (98, 3, 3, 0.19, 0.0, 'TOR00003');
INSERT INTO linea_ticket VALUES (98, 4, 4, 1.75, 3.0, 'CUB00004');
INSERT INTO linea_ticket VALUES (98, 5, 1, 45.15, 3.0, 'TEN00002');
INSERT INTO linea_ticket VALUES (98, 6, 1, 31.75, 0.0, 'CUB00005');
INSERT INTO linea_ticket VALUES (99, 1, 1, 132.00, 0.0, 'CUB00001');
INSERT INTO linea_ticket VALUES (100, 1, 2, 85.00, 0.0, 'SEG00004');
INSERT INTO linea_ticket VALUES (100, 2, 3, 3.19, 0.0, 'MAN00001');
INSERT INTO linea_ticket VALUES (101, 1, 1, 32.95, 0.0, 'CUB00006');
INSERT INTO linea_ticket VALUES (102, 1, 1, 31.25, 3.0, 'ESC00005');
INSERT INTO linea_ticket VALUES (103, 1, 1, 49.95, 0.0, 'MAN00005');
INSERT INTO linea_ticket VALUES (104, 1, 5, 2.10, 0.0, 'INF00007');
INSERT INTO linea_ticket VALUES (105, 1, 2, 45.15, 3.0, 'TEN00002');
INSERT INTO linea_ticket VALUES (106, 1, 2, 132.00, 0.0, 'CUB00001');
INSERT INTO linea_ticket VALUES (107, 1, 1, 31.75, 0.0, 'CUB00005');
INSERT INTO linea_ticket VALUES (108, 1, 1, 45.15, 3.0, 'TEN00002');
INSERT INTO linea_ticket VALUES (108, 2, 2, 32.50, 2.0, NULL);


--
-- Data for Name: municipio; Type: TABLE DATA; Schema: public; Owner: postgres
--

INSERT INTO municipio VALUES ('CSTLL', 'Castellón de la Plana', 'CA');
INSERT INTO municipio VALUES ('VLLRL', 'Villarreal', 'CA');
INSERT INTO municipio VALUES ('BRRN', 'Burriana', 'CA');
INSERT INTO municipio VALUES ('VLLDX', 'Vall de Uxó', 'CA');
INSERT INTO municipio VALUES ('VNRZ', 'Vinaroz', 'CA');
INSERT INTO municipio VALUES ('BNCRL', 'Benicarló', 'CA');
INSERT INTO municipio VALUES ('VLNC', 'Valencia', 'VA');
INSERT INTO municipio VALUES ('TRRNT', 'Torrente', 'VA');
INSERT INTO municipio VALUES ('GND', 'Gandía', 'VA');
INSERT INTO municipio VALUES ('PTRN', 'Paterna', 'VA');
INSERT INTO municipio VALUES ('SGNT', 'Sagunto', 'VA');
INSERT INTO municipio VALUES ('LCNT', 'Alicante', 'AL');
INSERT INTO municipio VALUES ('LCH', 'Elche', 'AL');
INSERT INTO municipio VALUES ('TRRVJ', 'Torrevieja', 'AL');
INSERT INTO municipio VALUES ('RHL', 'Orihuela', 'AL');
INSERT INTO municipio VALUES ('BNDRM', 'Benidorm', 'AL');
INSERT INTO municipio VALUES ('LCY', 'Alcoy', 'AL');


--
-- Data for Name: provincia; Type: TABLE DATA; Schema: public; Owner: postgres
--

INSERT INTO provincia VALUES ('VA', 'Valencia');
INSERT INTO provincia VALUES ('AL', 'Alicante');
INSERT INTO provincia VALUES ('CA', 'Castellón');


--
-- Data for Name: ticket; Type: TABLE DATA; Schema: public; Owner: postgres
--

INSERT INTO ticket VALUES (1, '2020-07-07', 21.0, 3.0, 1, 5);
INSERT INTO ticket VALUES (2, '2020-10-12', 21.0, 0.0, 16, 3);
INSERT INTO ticket VALUES (3, '2020-11-20', 21.0, 0.0, 21, 1);
INSERT INTO ticket VALUES (4, '2019-02-02', 21.0, 10.0, 2, 6);
INSERT INTO ticket VALUES (5, '2020-01-04', 10.0, 3.0, 19, 1);
INSERT INTO ticket VALUES (6, '2020-05-24', 21.0, 3.0, 23, 2);
INSERT INTO ticket VALUES (7, '2019-06-14', 21.0, 3.0, 3, 5);
INSERT INTO ticket VALUES (8, '2020-12-20', 21.0, 3.0, 11, 4);
INSERT INTO ticket VALUES (9, '2020-08-02', 21.0, 0.0, 21, 1);
INSERT INTO ticket VALUES (10, '2019-08-08', 4.0, 3.0, 25, 1);
INSERT INTO ticket VALUES (11, '2019-02-26', 21.0, 0.0, 16, 3);
INSERT INTO ticket VALUES (12, '2019-01-05', 21.0, 10.0, NULL, NULL);
INSERT INTO ticket VALUES (13, '2020-09-27', 21.0, 10.0, 2, 6);
INSERT INTO ticket VALUES (14, '2019-10-06', 21.0, 0.0, NULL, 5);
INSERT INTO ticket VALUES (15, '2020-02-16', 21.0, 0.0, 25, 1);
INSERT INTO ticket VALUES (16, '2020-10-28', 21.0, 0.0, 1, 5);
INSERT INTO ticket VALUES (17, '2020-07-18', 21.0, 0.0, NULL, 6);
INSERT INTO ticket VALUES (18, '2019-03-07', 21.0, 0.0, NULL, 6);
INSERT INTO ticket VALUES (19, '2019-12-11', 21.0, 0.0, 18, 1);
INSERT INTO ticket VALUES (20, '2019-07-11', 21.0, 0.0, 23, 2);
INSERT INTO ticket VALUES (21, '2019-07-22', 21.0, 0.0, 4, 6);
INSERT INTO ticket VALUES (22, '2019-02-23', 10.0, 0.0, NULL, 1);
INSERT INTO ticket VALUES (23, '2020-12-18', 21.0, 10.0, 2, 5);
INSERT INTO ticket VALUES (24, '2020-04-15', 21.0, 0.0, 19, NULL);
INSERT INTO ticket VALUES (25, '2020-01-02', 21.0, 0.0, 21, 2);
INSERT INTO ticket VALUES (26, '2020-09-23', 21.0, 3.0, NULL, 1);
INSERT INTO ticket VALUES (27, '2020-05-24', 21.0, 3.0, 12, 3);
INSERT INTO ticket VALUES (28, '2019-06-21', 10.0, 0.0, 15, 3);
INSERT INTO ticket VALUES (29, '2020-10-17', 21.0, 0.0, NULL, 4);
INSERT INTO ticket VALUES (30, '2020-07-22', 21.0, 3.0, NULL, 4);
INSERT INTO ticket VALUES (31, '2020-08-26', 21.0, 0.0, 5, 6);
INSERT INTO ticket VALUES (32, '2019-10-18', 21.0, 0.0, 24, 1);
INSERT INTO ticket VALUES (33, '2019-01-25', 21.0, 0.0, NULL, 5);
INSERT INTO ticket VALUES (34, '2019-06-24', 21.0, 10.0, NULL, 5);
INSERT INTO ticket VALUES (35, '2019-03-21', 10.0, 0.0, 1, 5);
INSERT INTO ticket VALUES (36, '2019-04-27', 21.0, 0.0, NULL, 2);
INSERT INTO ticket VALUES (37, '2020-10-07', 21.0, 0.0, NULL, 5);
INSERT INTO ticket VALUES (38, '2019-09-05', 21.0, 0.0, 10, 3);
INSERT INTO ticket VALUES (39, '2020-07-21', 21.0, 0.0, 16, 3);
INSERT INTO ticket VALUES (40, '2019-06-12', 21.0, 0.0, NULL, 4);
INSERT INTO ticket VALUES (41, '2020-09-09', 21.0, 0.0, 23, 1);
INSERT INTO ticket VALUES (42, '2020-07-12', 21.0, 3.0, 2, 5);
INSERT INTO ticket VALUES (43, '2019-05-13', 21.0, 3.0, NULL, 5);
INSERT INTO ticket VALUES (44, '2020-09-10', 21.0, 3.0, 7, 5);
INSERT INTO ticket VALUES (45, '2020-08-04', 21.0, 0.0, NULL, 3);
INSERT INTO ticket VALUES (46, '2019-12-28', 21.0, 0.0, 22, 2);
INSERT INTO ticket VALUES (47, '2020-05-05', 21.0, 3.0, 19, NULL);
INSERT INTO ticket VALUES (48, '2019-01-10', 21.0, 0.0, 18, 1);
INSERT INTO ticket VALUES (49, '2020-08-04', 4.0, 3.0, NULL, 1);
INSERT INTO ticket VALUES (50, '2019-05-22', 21.0, 0.0, NULL, NULL);
INSERT INTO ticket VALUES (51, '2020-09-14', 21.0, 3.0, 6, 6);
INSERT INTO ticket VALUES (52, '2019-08-17', 21.0, 0.0, 20, 1);
INSERT INTO ticket VALUES (53, '2020-03-24', 21.0, 3.0, 25, 2);
INSERT INTO ticket VALUES (54, '2019-08-20', 21.0, 0.0, 7, 5);
INSERT INTO ticket VALUES (55, '2019-06-15', 21.0, 0.0, NULL, 4);
INSERT INTO ticket VALUES (56, '2019-04-09', 10.0, 0.0, NULL, 2);
INSERT INTO ticket VALUES (57, '2020-10-05', 21.0, 3.0, 17, 3);
INSERT INTO ticket VALUES (58, '2019-09-14', 21.0, 3.0, NULL, 4);
INSERT INTO ticket VALUES (59, '2019-06-25', 21.0, 0.0, 7, 6);
INSERT INTO ticket VALUES (60, '2019-05-08', 21.0, 0.0, NULL, 6);
INSERT INTO ticket VALUES (61, '2019-07-13', 21.0, 0.0, NULL, 3);
INSERT INTO ticket VALUES (62, '2019-04-05', 21.0, 0.0, 20, 2);
INSERT INTO ticket VALUES (63, '2020-06-15', 21.0, 0.0, 13, 4);
INSERT INTO ticket VALUES (64, '2020-04-17', 21.0, 0.0, 24, 1);
INSERT INTO ticket VALUES (65, '2020-09-04', 21.0, 0.0, NULL, 6);
INSERT INTO ticket VALUES (66, '2019-11-11', 10.0, 15.0, 21, NULL);
INSERT INTO ticket VALUES (67, '2019-03-01', 21.0, 0.0, NULL, 3);
INSERT INTO ticket VALUES (68, '2020-09-23', 21.0, 0.0, 10, 4);
INSERT INTO ticket VALUES (69, '2020-10-26', 21.0, 0.0, 15, 3);
INSERT INTO ticket VALUES (70, '2019-05-04', 21.0, 0.0, 23, 2);
INSERT INTO ticket VALUES (71, '2019-01-11', 4.0, 0.0, NULL, 1);
INSERT INTO ticket VALUES (72, '2020-04-22', 21.0, 0.0, NULL, 2);
INSERT INTO ticket VALUES (73, '2019-05-25', 21.0, 0.0, 20, 2);
INSERT INTO ticket VALUES (74, '2019-07-19', 21.0, 0.0, 25, 1);
INSERT INTO ticket VALUES (75, '2019-12-01', 21.0, 0.0, NULL, 1);
INSERT INTO ticket VALUES (76, '2019-02-11', 21.0, 15.0, 17, 3);
INSERT INTO ticket VALUES (77, '2019-09-18', 21.0, 3.0, NULL, 6);
INSERT INTO ticket VALUES (78, '2019-12-16', 21.0, 0.0, 13, 4);
INSERT INTO ticket VALUES (79, '2020-07-28', 21.0, 0.0, NULL, 1);
INSERT INTO ticket VALUES (80, '2019-11-21', 10.0, 3.0, NULL, 3);
INSERT INTO ticket VALUES (81, '2019-05-06', 21.0, 10.0, 10, 3);
INSERT INTO ticket VALUES (82, '2020-06-10', 21.0, 0.0, NULL, 1);
INSERT INTO ticket VALUES (83, '2020-08-07', 21.0, 3.0, 22, 1);
INSERT INTO ticket VALUES (84, '2020-07-07', 21.0, 0.0, 20, 1);
INSERT INTO ticket VALUES (85, '2020-03-01', 21.0, 0.0, 24, 2);
INSERT INTO ticket VALUES (86, '2020-07-08', 21.0, 3.0, NULL, 4);
INSERT INTO ticket VALUES (87, '2019-02-26', 21.0, 0.0, 17, NULL);
INSERT INTO ticket VALUES (88, '2019-05-10', 10.0, 0.0, 25, 2);
INSERT INTO ticket VALUES (89, '2019-07-11', 21.0, 3.0, NULL, 1);
INSERT INTO ticket VALUES (90, '2020-01-12', 21.0, 0.0, 8, 6);
INSERT INTO ticket VALUES (91, '2019-12-05', 21.0, 10.0, NULL, 1);
INSERT INTO ticket VALUES (92, '2019-06-01', 4.0, 3.0, 18, 2);
INSERT INTO ticket VALUES (93, '2019-03-13', 10.0, 0.0, 24, 2);
INSERT INTO ticket VALUES (94, '2019-03-02', 21.0, 10.0, NULL, 6);
INSERT INTO ticket VALUES (95, '2020-02-28', 21.0, 0.0, 20, 2);
INSERT INTO ticket VALUES (96, '2019-02-20', 21.0, 0.0, 9, 5);
INSERT INTO ticket VALUES (97, '2019-05-22', 21.0, 3.0, NULL, 2);
INSERT INTO ticket VALUES (98, '2019-10-17', 10.0, 0.0, 14, 4);
INSERT INTO ticket VALUES (99, '2019-10-03', 21.0, 0.0, 8, 6);
INSERT INTO ticket VALUES (100, '2019-08-13', 21.0, 0.0, 22, 1);
INSERT INTO ticket VALUES (101, '2020-08-07', 21.0, 15.0, 18, 2);
INSERT INTO ticket VALUES (102, '2019-11-04', 21.0, 0.0, NULL, 5);
INSERT INTO ticket VALUES (103, '2020-11-17', 21.0, 0.0, 20, 2);
INSERT INTO ticket VALUES (104, '2020-03-17', 21.0, 3.0, 17, NULL);
INSERT INTO ticket VALUES (105, '2020-04-03', 4.0, 0.0, 9, 6);
INSERT INTO ticket VALUES (106, '2020-11-08', 21.0, 10.0, 22, 1);
INSERT INTO ticket VALUES (107, '2020-07-22', 21.0, 0.0, 14, 4);
INSERT INTO ticket VALUES (108, '2020-04-23', 21.0, 0.0, 8, 6);


INSERT INTO vendedor VALUES (2, 'Sonia', 'Calle Padre Arrupe 1', '03202', 'LCH', 1);
INSERT INTO vendedor VALUES (4, 'Miriam', 'Avenida Serrano 32', '46002', 'VLNC', NULL);
INSERT INTO vendedor VALUES (1, 'Jorge', 'Calle Vicente Peris 21', '03004', 'LCNT', 4);
INSERT INTO vendedor VALUES (3, 'Tobías', 'Calle Perú 43', '46704', 'GND', 4);
INSERT INTO vendedor VALUES (5, 'Saúl', 'Calle Eustaquio Ribero 2', '12541', 'VLLRL', 6);
INSERT INTO vendedor VALUES (6, 'Mercedes', 'Calle Florencia', '12002', 'CSTLL', 4);